{"ShapeletSim": {"class_0": {"step_0": 0.2809999883174896, "step_1": 0.4449999928474426, "step_2": 0.4429999887943268, "step_3": 0.6759999990463257, "step_4": 0.2630000114440918, "step_5": 0.3050000071525574}, "class_1": {"step_0": 0.7680000066757202, "step_1": 0.5910000205039978, "step_2": 0.671999990940094, "step_3": 0.39399999380111694, "step_4": 0.7879999876022339, "step_5": 0.7480000257492065}}}