{"DistalPhalanxOutlineAgeGroup": {"class_0": {"step_0": 0.36800000071525574, "step_1": 0.16200000047683716, "step_2": 0.19099999964237213, "step_3": 0.39800000190734863, "step_4": 0.11999999731779099, "step_5": 0.47600001096725464}, "class_1": {"step_0": 0.460999995470047, "step_1": 0.11100000143051147, "step_2": 0.23199999332427979, "step_3": 0.41999998688697815, "step_4": 0.0989999994635582, "step_5": 0.3409999907016754}, "class_2": {"step_0": 0.2849999964237213, "step_1": 0.7680000066757202, "step_2": 0.6370000243186951, "step_3": 0.30000001192092896, "step_4": 0.8399999737739563, "step_5": 0.27799999713897705}}, "ShapeletSim": {"class_0": {"step_0": 0.5580000281333923, "step_1": 0.19699999690055847, "step_2": 0.3919999897480011, "step_3": 0.6570000052452087, "step_4": 0.5199999809265137, "step_5": 0.42500001192092896}, "class_1": {"step_0": 0.49799999594688416, "step_1": 0.8399999737739563, "step_2": 0.6460000276565552, "step_3": 0.36800000071525574, "step_4": 0.45899999141693115, "step_5": 0.6610000133514404}}, "WordSynonyms": {"class_0": {"step_0": 0.06300000101327896, "step_1": 0.03200000151991844, "step_2": 0.02199999988079071, "step_3": 0.023000000044703484, "step_4": 0.009999999776482582, "step_5": 0.03799999877810478}, "class_1": {"step_0": 0.04600000008940697, "step_1": 0.07100000232458115, "step_2": 0.05900000035762787, "step_3": 0.04800000041723251, "step_4": 0.07199999690055847, "step_5": 0.04699999839067459}, "class_2": {"step_0": 0.06599999964237213, "step_1": 0.054999999701976776, "step_2": 0.06400000303983688, "step_3": 0.04699999839067459, "step_4": 0.04800000041723251, "step_5": 0.07800000160932541}, "class_3": {"step_0": 0.08799999952316284, "step_1": 0.05900000035762787, "step_2": 0.0820000022649765, "step_3": 0.0430000014603138, "step_4": 0.052000001072883606, "step_5": 0.07699999958276749}, "class_4": {"step_0": 0.06499999761581421, "step_1": 0.02800000086426735, "step_2": 0.05299999937415123, "step_3": 0.07900000363588333, "step_4": 0.05000000074505806, "step_5": 0.03099999949336052}, "class_5": {"step_0": 0.10199999809265137, "step_1": 0.10400000214576721, "step_2": 0.06400000303983688, "step_3": 0.061000000685453415, "step_4": 0.05900000035762787, "step_5": 0.04800000041723251}, "class_6": {"step_0": 0.014999999664723873, "step_1": 0.03200000151991844, "step_2": 0.035999998450279236, "step_3": 0.09799999743700027, "step_4": 0.03099999949336052, "step_5": 0.023000000044703484}, "class_7": {"step_0": 0.06300000101327896, "step_1": 0.05400000140070915, "step_2": 0.054999999701976776, "step_3": 0.0560000017285347, "step_4": 0.024000000208616257, "step_5": 0.020999999716877937}, "class_8": {"step_0": 0.04699999839067459, "step_1": 0.054999999701976776, "step_2": 0.07900000363588333, "step_3": 0.10300000011920929, "step_4": 0.029999999329447746, "step_5": 0.06499999761581421}, "class_9": {"step_0": 0.04500000178813934, "step_1": 0.054999999701976776, "step_2": 0.08399999886751175, "step_3": 0.10300000011920929, "step_4": 0.061000000685453415, "step_5": 0.07199999690055847}, "class_10": {"step_0": 0.02199999988079071, "step_1": 0.03099999949336052, "step_2": 0.06499999761581421, "step_3": 0.0010000000474974513, "step_4": 0.09799999743700027, "step_5": 0.028999999165534973}, "class_11": {"step_0": 0.039000000804662704, "step_1": 0.05299999937415123, "step_2": 0.06700000166893005, "step_3": 0.12700000405311584, "step_4": 0.023000000044703484, "step_5": 0.0560000017285347}, "class_12": {"step_0": 0.04100000113248825, "step_1": 0.05400000140070915, "step_2": 0.03700000047683716, "step_3": 0.003000000026077032, "step_4": 0.028999999165534973, "step_5": 0.023000000044703484}, "class_13": {"step_0": 0.06300000101327896, "step_1": 0.06400000303983688, "step_2": 0.03799999877810478, "step_3": 0.11100000143051147, "step_4": 0.0860000029206276, "step_5": 0.07599999755620956}, "class_14": {"step_0": 0.04600000008940697, "step_1": 0.019999999552965164, "step_2": 0.01899999938905239, "step_3": 0.05999999865889549, "step_4": 0.0430000014603138, "step_5": 0.0729999989271164}, "class_15": {"step_0": 0.08399999886751175, "step_1": 0.11599999666213989, "step_2": 0.08299999684095383, "step_3": 0.13600000739097595, "step_4": 0.09700000286102295, "step_5": 0.10400000214576721}, "class_16": {"step_0": 0.04399999976158142, "step_1": 0.03200000151991844, "step_2": 0.03799999877810478, "step_3": 0.019999999552965164, "step_4": 0.0949999988079071, "step_5": 0.03099999949336052}, "class_17": {"step_0": 0.035999998450279236, "step_1": 0.07199999690055847, "step_2": 0.050999999046325684, "step_3": 0.03099999949336052, "step_4": 0.08900000154972076, "step_5": 0.07199999690055847}, "class_18": {"step_0": 0.03700000047683716, "step_1": 0.017999999225139618, "step_2": 0.04100000113248825, "step_3": 0.057999998331069946, "step_4": 0.07900000363588333, "step_5": 0.03700000047683716}, "class_19": {"step_0": 0.061000000685453415, "step_1": 0.09200000017881393, "step_2": 0.035999998450279236, "step_3": 0.06300000101327896, "step_4": 0.09700000286102295, "step_5": 0.07100000232458115}, "class_20": {"step_0": 0.054999999701976776, "step_1": 0.024000000208616257, "step_2": 0.01600000075995922, "step_3": 0.04100000113248825, "step_4": 0.017000000923871994, "step_5": 0.013000000268220901}, "class_21": {"step_0": 0.06700000166893005, "step_1": 0.08500000089406967, "step_2": 0.04399999976158142, "step_3": 0.029999999329447746, "step_4": 0.03099999949336052, "step_5": 0.032999999821186066}, "class_22": {"step_0": 0.04100000113248825, "step_1": 0.03799999877810478, "step_2": 0.03700000047683716, "step_3": 0.01899999938905239, "step_4": 0.04100000113248825, "step_5": 0.023000000044703484}, "class_23": {"step_0": 0.04399999976158142, "step_1": 0.04100000113248825, "step_2": 0.08799999952316284, "step_3": 0.09600000083446503, "step_4": 0.11400000005960464, "step_5": 0.06199999898672104}, "class_24": {"step_0": 0.01899999938905239, "step_1": 0.0, "step_2": 0.02500000037252903, "step_3": 0.0, "step_4": 0.035999998450279236, "step_5": 0.014999999664723873}}, "Yoga": {"class_0": {"step_0": 0.6370000243186951, "step_1": 0.5429999828338623, "step_2": 0.23199999332427979, "step_3": 0.22300000488758087, "step_4": 0.7910000085830688, "step_5": 0.4740000069141388}, "class_1": {"step_0": 0.37400001287460327, "step_1": 0.45399999618530273, "step_2": 0.7990000247955322, "step_3": 0.781000018119812, "step_4": 0.2290000021457672, "step_5": 0.5109999775886536}}, "Car": {"class_0": {"step_0": 0.2750000059604645, "step_1": 0.31700000166893005, "step_2": 0.09099999815225601, "step_3": 0.2199999988079071, "step_4": 0.2680000066757202, "step_5": 0.27399998903274536}, "class_1": {"step_0": 0.3160000145435333, "step_1": 0.289000004529953, "step_2": 0.453000009059906, "step_3": 0.38100001215934753, "step_4": 0.2800000011920929, "step_5": 0.26100000739097595}, "class_2": {"step_0": 0.3370000123977661, "step_1": 0.20800000429153442, "step_2": 0.3140000104904175, "step_3": 0.27000001072883606, "step_4": 0.3490000069141388, "step_5": 0.3160000145435333}, "class_3": {"step_0": 0.25200000405311584, "step_1": 0.3100000023841858, "step_2": 0.2370000034570694, "step_3": 0.2070000022649765, "step_4": 0.24899999797344208, "step_5": 0.3050000071525574}}, "MiddlePhalanxOutlineAgeGroup": {"class_0": {"step_0": 0.38100001215934753, "step_1": 0.09399999678134918, "step_2": 0.24199999868869781, "step_3": 0.22699999809265137, "step_4": 0.42100000381469727, "step_5": 0.22300000488758087}, "class_1": {"step_0": 0.2770000100135803, "step_1": 0.10000000149011612, "step_2": 0.1809999942779541, "step_3": 0.3720000088214874, "step_4": 0.29499998688697815, "step_5": 0.10999999940395355}, "class_2": {"step_0": 0.44699999690055847, "step_1": 0.8550000190734863, "step_2": 0.6520000100135803, "step_3": 0.5080000162124634, "step_4": 0.40299999713897705, "step_5": 0.6729999780654907}}, "Plane": {"class_0": {"step_0": 0.17000000178813934, "step_1": 0.09300000220537186, "step_2": 0.20100000500679016, "step_3": 0.041999999433755875,