{"ShapeletSim": {"class_0": {"step_0": 0.5859999656677246, "step_1": 0.5130000114440918, "step_2": 0.5709999799728394, "step_3": 0.40700000524520874, "step_4": 0.7639999985694885, "step_5": 0.45499998331069946}, "class_1": {"step_0": 0.5040000081062317, "step_1": 0.5460000038146973, "step_2": 0.5130000114440918, "step_3": 0.5740000009536743, "step_4": 0.30400002002716064, "step_5": 0.6660000085830688}}}