{"ShapeletSim": {"class_0": {"step_0": 0.5859999656677246, "step_1": 0.5130000114440918, "step_2": 0.5709999799728394, "step_3": 0.40700000524520874, "step_4": 0.7639999985694885, "step_5": 0.45499998331069946}, "class_1": {"step_0": 0.5040000081062317, "step_1": 0.5460000038146973, "step_2": 0.5130000114440918, "step_3": 0.5740000009536743, "step_4": 0.30400002002716064, "step_5": 0.6660000085830688}}, "PhalangesOutlinesCorrect": {"class_0": {"step_0": 0.19999998807907104, "step_1": 0.001999974250793457, "step_2": 0.0, "step_3": 0.013000011444091797, "step_4": 0.018999993801116943, "step_5": 0.0009999871253967285}, "class_1": {"step_0": 0.7919999957084656, "step_1": 0.996999979019165, "step_2": 1.0, "step_3": 0.9869999885559082, "step_4": 0.9789999723434448, "step_5": 0.9980000257492065}}, "FacesUCR": {"class_0": {"step_0": -5.543000221252441, "step_1": -5.01800012588501, "step_2": -4.7210001945495605, "step_3": -4.701000213623047, "step_4": -4.243000030517578, "step_5": -4.440999984741211}, "class_1": {"step_0": -4.229000091552734, "step_1": -4.0839996337890625, "step_2": -4.057000160217285, "step_3": -4.450000286102295, "step_4": -3.8990001678466797, "step_5": -4.431999683380127}, "class_2": {"step_0": -5.667999744415283, "step_1": -6.377000331878662, "step_2": -6.157000541687012, "step_3": -5.453000068664551, "step_4": -6.38200044631958, "step_5": -5.171999454498291}, "class_3": {"step_0": -4.2129998207092285, "step_1": -1.6979999542236328, "step_2": -4.062999725341797, "step_3": -3.8340001106262207, "step_4": -4.291999816894531, "step_5": -3.8610000610351562}, "class_4": {"step_0": -5.176000595092773, "step_1": -5.2789998054504395, "step_2": -3.8430004119873047, "step_3": -3.927999973297119, "step_4": -3.674999713897705, "step_5": -4.299000263214111}, "class_5": {"step_0": -4.35099983215332, "step_1": -5.371000289916992, "step_2": -5.388999938964844, "step_3": -5.500999927520752, "step_4": -5.5360002517700195, "step_5": -4.486999988555908}, "class_6": {"step_0": -3.9180002212524414, "step_1": -4.853000640869141, "step_2": -3.8550000190734863, "step_3": -3.366000175476074, "step_4": -4.164999961853027, "step_5": -4.295999526977539}, "class_7": {"step_0": -4.686999797821045, "step_1": -4.48199987411499, "step_2": -4.51800012588501, "step_3": -4.744999885559082, "step_4": -5.102999687194824, "step_5": -5.290999889373779}, "class_8": {"step_0": -5.343999862670898, "step_1": -5.63800048828125, "step_2": -5.068999290466309, "step_3": -5.678999900817871, "step_4": -5.0960001945495605, "step_5": -4.940000057220459}, "class_9": {"step_0": -5.005999565124512, "step_1": -5.179999828338623, "step_2": -4.48099946975708, "step_3": -4.878999710083008, "step_4": -4.778000831604004, "step_5": -5.091999530792236}, "class_10": {"step_0": -5.9409990310668945, "step_1": -5.642000198364258, "step_2": -5.892000198364258, "step_3": -6.308000087738037, "step_4": -4.922999858856201, "step_5": -5.285999298095703}, "class_11": {"step_0": -5.040999889373779, "step_1": -5.896999835968018, "step_2": -6.2689995765686035, "step_3": -6.314999103546143, "step_4": -6.76099967956543, "step_5": -6.7599992752075195}, "class_12": {"step_0": -5.119999885559082, "step_1": -4.788000583648682, "step_2": -5.244000434875488, "step_3": -4.687999725341797, "step_4": -4.726999759674072, "step_5": -4.9070000648498535}, "class_13": {"step_0": -5.044999599456787, "step_1": -5.756000518798828, "step_2": -6.211999893188477, "step_3": -6.4670000076293945, "step_4": -6.372000694274902, "step_5": -6.586999893188477}}, "BME": {"class_0": {"step_0": 0.18599998950958252, "step_1": 0.09500002861022949, "step_2": 0.05500000715255737, "step_3": 0.046000003814697266, "step_4": 0.13499999046325684, "step_5": 0.13300001621246338}, "class_1": {"step_0": -0.029000043869018555, "step_1": 0.1470000147819519, "step_2": 0.08899998664855957, "step_3": 0.12599998712539673, "step_4": 0.15999996662139893, "step_5": 0.03700000047683716}, "class_2": {"step_0": 0.18599998950958252, "step_1": 0.04799997806549072, "step_2": 0.08399999141693115, "step_3": 0.07899999618530273, "step_4": 0.03400003910064697, "step_5": 0.08099997043609619}}, "Wafer": {"class_0": {"step_0": 0.08399999141693115, "step_1": 0.015999972820281982, "step_2": 0.06000000238418579, "step_3": 0.03799998760223389, "step_4": 0.023000001907348633, "step_5": 0.04100000858306885}, "class_1": {"step_0": 0.9259999990463257, "step_1": 0.9810000061988831, "step_2": 0.9580000042915344, "step_3": 0.9710000157356262, "step_4": 0.9779999852180481, "step_5": 0.9599999785423279}}, "ProximalPhalanxOutlineAgeGroup": {"class_0": {"step_0": -0.5349999666213989, "step_1": 0.19200003147125244, "step_2": 0.12000000476837158, "step_3": -0.023000001907348633, "step_4": 0.17299997806549072, "step_5": 0.26899999380111694}, "class_1": {"step_0": 0.37599998712539673, "step_1": 0.2879999876022339, "step_2": 0.07299995422363281, "step_3": 0.28299999237060547, "step_4": -0.07800006866455078, "step_5": -0.2539999485015869}, "class_2": {"step_0": 0.2850000262260437, "step_1": -0.21399998664855957, "step_2": -0.029000043869018555, "step_3": -0.10199999809265137, "step_4": 0.1679999828338623, "step_5": 0.22600001096725464}}, "SwedishLeaf": {"class_0": {"step_0": -6.687000274658203, "step_1": -6.671999931335449, "step_2": -5.163000106811523, "step_3": -6.5970001220703125, "step_4": -6.966000080108643, "step_5": -7.317999839782715}, "class_1": {"step_0": -3.052999973297119, "step_1": -4.632999897003174, "step_2": -4.294999599456787, "step_3": -5.966999530792236, "step_4": -4.0, "step_5": -4.479000091552734}, "class_2": {"step_0": -6.686999320983887, "step_1": -6.936999797821045, "step_2": -5.9720001220703125, "step_3": -5.437999248504639, "step_4": -5.707000732421875, "step_5": -5.284000873565674}, "class_3": {"step_0": -6.029999732971191, "step_1": -6.146999835968018, "step_2": -5.1010003089904785, "step_3": -5.063000202178955, "step_4": -6.071999549865723, "step_5": -6.172999858856201}, "class_4": {"step_0": -7.052999496459961, "step_1": -6.092999458312988, "step_2": -5.726999759674072, "step_3": -5.733999729156494, "step_4": -6.453000545501709, "step_5": -4.178999900817871}, "class_5": {"step_0": -4.98900032043457, "step_1": -4.065000057220459, "step_2": -4.8289995193481445, "step_3": -5.248000144958496, "step_4": -4.353999614715576, "step_5": -4.375}, "class_6": {"step_0": -1.0980000495910645, "step_1": -3.3199996948242188, "step_2": -4.729999542236328, "step_3": -2.882999897003174, "step_4": -2.386000156402588, "step_5": -3.568000316619873}, "class_7": {"step_0": -6.115999698638916, "step_1": -6.602999687194824, "step_2": -6.787999629974365, "step_3": -5.212000846862793, "step_4": -5.685999870300293, "step_5": -5.348999977111816}, "class_8": {"step_0": -6.973999977111816, "step_1": -6.776999473571777, "step_2": -5.741000175476074, "step_3": -5.434999942779541, "step_4": -5.3249993324279785, "step_5": -5.620999813079834}, "class_9": {"step_0": -3.4620003700256348, "step_1": -2.145000457763672, "step_2": -5.349999904632568, "step_3": -3.0250000953674316, "step_4": -5.099999904632568, "step_5": -4.7729997634887695}, "class_10": {"step_0": -6.63700008392334, "step_1": -6.78100061416626, "step_2": -5.6680006980896, "step_3": -6.131999969482422, "step_4": -6.923000335693359, "step_5": -6.76099967956543}, "class_11": {"step_0": -6.3580002784729, "step_1": -6.263000011444092, "step_2": -6.173999786376953, "step_3": -6.3600006103515625, "step_4": -6.830000877380371, "step_5": -7.190999984741211}, "class_12": {"step_0": -5.835999488830566, "step_1": -6.955999851226807, "step_2": -5.591999530792236, "step_3": -6.132999897003174, "step_4": -6.134999752044678, "step_5": -4.848999977111816}, "class_13": {"step_0": -4.845999717712402, "step_1": -3.312999725341797, "step_2": -4.73199987411499, "step_3": -5.353000640869141, "step_4": -3.185999870300293, "step_5": -4.224000930786133}, "class_14": {"step_0": -7.035000801086426, "step_1": -6.513000011444092, "step_2": -6.2739996910095215,