{"FacesUCR": {"class_0": {"step_0": 0.10199999809265137, "step_1": 0.07999999821186066, "step_2": 0.029999999329447746, "step_3": 0.03700000047683716, "step_4": 0.0989999994635582, "step_5": 0.05999999865889549}, "class_1": {"step_0": 0.09000000357627869, "step_1": 0.08100000023841858, "step_2": 0.07699999958276749, "step_3": 0.09700000286102295, "step_4": 0.11100000143051147, "step_5": 0.06599999964237213}, "class_2": {"step_0": 0.07500000298023224, "step_1": 0.09799999743700027, "step_2": 0.05299999937415123, "step_3": 0.09200000017881393, "step_4": 0.11400000005960464, "step_5": 0.06800000369548798}, "class_3": {"step_0": 0.11999999731779099, "step_1": 0.14900000393390656, "step_2": 0.10199999809265137, "step_3": 0.1509999930858612, "step_4": 0.09099999815225601, "step_5": 0.17499999701976776}, "class_4": {"step_0": 0.09799999743700027, "step_1": 0.07000000029802322, "step_2": 0.2980000078678131, "step_3": 0.1509999930858612, "step_4": 0.13199999928474426, "step_5": 0.08500000089406967}, "class_5": {"step_0": 0.0989999994635582, "step_1": 0.07199999690055847, "step_2": 0.04100000113248825, "step_3": 0.07800000160932541, "step_4": 0.04899999871850014, "step_5": 0.10300000011920929}, "class_6": {"step_0": 0.10599999874830246, "step_1": 0.08699999749660492, "step_2": 0.057999998331069946, "step_3": 0.0729999989271164, "step_4": 0.07999999821186066, "step_5": 0.12800000607967377}, "class_7": {"step_0": 0.10300000011920929, "step_1": 0.09200000017881393, "step_2": 0.07199999690055847, "step_3": 0.0689999982714653, "step_4": 0.0729999989271164, "step_5": 0.11400000005960464}, "class_8": {"step_0": 0.0689999982714653, "step_1": 0.05400000140070915, "step_2": 0.020999999716877937, "step_3": 0.05700000002980232, "step_4": 0.039000000804662704, "step_5": 0.04800000041723251}, "class_9": {"step_0": 0.07500000298023224, "step_1": 0.05400000140070915, "step_2": 0.0689999982714653, "step_3": 0.08399999886751175, "step_4": 0.054999999701976776, "step_5": 0.11100000143051147}, "class_10": {"step_0": 0.06199999898672104, "step_1": 0.052000001072883606, "step_2": 0.10899999737739563, "step_3": 0.09700000286102295, "step_4": 0.09300000220537186, "step_5": 0.08500000089406967}, "class_11": {"step_0": 0.05999999865889549, "step_1": 0.03200000151991844, "step_2": 0.06499999761581421, "step_3": 0.04899999871850014, "step_4": 0.03099999949336052, "step_5": 0.03799999877810478}, "class_12": {"step_0": 0.09700000286102295, "step_1": 0.11999999731779099, "step_2": 0.11699999868869781, "step_3": 0.12099999934434891, "step_4": 0.11100000143051147, "step_5": 0.08100000023841858}, "class_13": {"step_0": 0.07699999958276749, "step_1": 0.13899999856948853, "step_2": 0.06599999964237213, "step_3": 0.10899999737739563, "step_4": 0.14499999582767487, "step_5": 0.10599999874830246}}}