dataset,num_classes,num_train_samples,num_test_samples,vae_best_acc,vae_best_f1,vae_aug_best_acc,vae_aug_best_f1,baseline_best_acc,baseline_best_f1,baseline_final_acc,baseline_final_f1,baseline_augmented_train_samples,baseline_augmented_best_acc,baseline_augmented_best_f1,baseline_augmented_final_acc,baseline_augmented_final_f1
ChlorineConcentration,3,467,3840,0.8940104166666667,0.8904109736604026,0.91328125,0.9105556065048671,0.7721354166666666,0.7576001863810217,0.7638020833333333,0.7493936748453313,1397,0.7690104166666667,0.7588201899475014,0.7635416666666667,0.756496191929043
Adiac,37,390,391,0.7468030690537084,0.7394876148331099,0.7289002557544757,0.7065018832294083,0.5754475703324808,0.5467082017454079,0.5728900255754475,0.5468831658372783,1130,0.7084398976982097,0.6922275924254306,0.6982097186700768,0.680869944243918
