dataset,num_classes,num_train_samples,num_test_samples,augmented_train_samples,augmented_best_acc,augmented_best_f1,augmented_final_acc,augmented_final_f1
CBF,3,30,900,60,0.99,0.9899773315387964,0.9766666666666667,0.9766441375793172
CBF,3,30,900,60,0.9911111111111112,0.9910977797180682,0.9666666666666667,0.9666677158091511
CBF,3,30,900,60,0.9955555555555555,0.995551808773967,0.9811111111111112,0.9810997697164653
